City_ID,City,Country,Date,Lat,Lng,Max Temp,Humidity,Cloudiness,Wind Speed
0,Ushuaia,AR,2021-09-26 08:01:44,-54.8,-68.3,31.44,86,28,3.51
1,Nome,US,2021-09-26 08:06:39,64.5011,-165.4064,42.87,76,1,11.5
2,Katsuura,JP,2021-09-26 08:06:40,35.1333,140.3,71.11,68,100,11.7
3,Gazojak,TM,2021-09-26 08:06:40,41.1875,61.4036,83.3,29,1,11.32
4,Gazli,UZ,2021-09-26 08:06:40,40.1333,63.45,91.96,11,0,10.92
5,Maku,IR,2021-09-26 08:06:40,39.2911,44.4521,62.1,28,0,4.16
6,Pevek,RU,2021-09-26 08:06:41,69.7008,170.3133,30.0,92,100,13.51
7,Kapaa,US,2021-09-26 08:06:41,22.0752,-159.319,79.12,82,90,1.99
8,Khani,GE,2021-09-26 08:06:41,41.9563,42.9566,49.57,94,99,0.67
9,Lagoa,PT,2021-09-26 08:06:42,39.05,-27.9833,69.67,82,22,13.22
10,Puerto Ayora,EC,2021-09-26 08:06:42,-0.7393,-90.3518,68.65,90,94,7.72
11,Hermanus,ZA,2021-09-26 08:06:42,-34.4187,19.2345,66.9,82,100,5.82
12,Major Isidoro,BR,2021-09-26 08:06:43,-9.5322,-36.985,70.21,92,61,5.32
13,Mahebourg,MU,2021-09-26 08:06:43,-20.4081,57.7,77.25,71,8,17.69
14,Vaini,TO,2021-09-26 08:06:43,-21.2,-175.2,69.96,94,75,3.44
15,Ejido,VE,2021-09-26 08:06:44,8.5514,-71.2375,63.14,80,49,7.38
16,Khatanga,RU,2021-09-26 08:06:44,71.9667,102.5,36.75,74,100,11.41
17,Bredasdorp,ZA,2021-09-26 08:06:44,-34.5322,20.0403,63.28,81,100,4.99
18,Jamestown,US,2021-09-26 08:06:44,42.097,-79.2353,51.71,94,40,1.01
19,Aswan,EG,2021-09-26 08:06:45,24.0934,32.907,91.42,20,3,13.76
20,Roma,US,2021-09-26 08:06:45,43.2128,-75.4557,57.96,92,90,6.91
21,Klaksvik,FO,2021-09-26 08:06:13,62.2266,-6.589,54.52,91,100,30.38
22,Ixtapa,MX,2021-09-26 08:06:45,20.7,-105.2,77.23,98,100,3.71
23,Bengkulu,ID,2021-09-26 08:06:46,-3.8004,102.2655,76.17,89,100,8.63
24,Xam Nua,LA,2021-09-26 08:06:46,20.4197,104.0439,77.16,67,89,4.59
25,Port Alfred,ZA,2021-09-26 08:06:46,-33.5906,26.891,68.18,68,85,7.16
26,Olafsvik,IS,2021-09-26 08:06:47,64.8945,-23.7142,41.02,88,100,42.23
27,Norman Wells,CA,2021-09-26 08:06:47,65.282,-126.8329,32.04,86,75,12.66
28,Kaitangata,NZ,2021-09-26 08:02:59,-46.2817,169.8464,39.24,79,99,5.17
29,Qaanaaq,GL,2021-09-26 08:06:47,77.484,-69.3632,16.12,72,25,7.85
30,Kuusamo,FI,2021-09-26 08:06:48,65.9667,29.1833,44.64,93,90,2.3
31,Tuatapere,NZ,2021-09-26 08:06:48,-46.1333,167.6833,42.82,78,45,2.91
32,Esperance,AU,2021-09-26 08:06:48,-33.8667,121.9,63.7,73,63,6.53
33,Caravelas,BR,2021-09-26 08:06:49,-17.7125,-39.2481,68.7,83,70,4.65
34,Albany,US,2021-09-26 08:06:49,42.6001,-73.9662,60.46,85,89,10.0
35,Gat,IL,2021-09-26 08:06:49,31.61,34.7642,90.91,34,2,1.79
36,Mataura,NZ,2021-09-26 08:06:50,-46.1927,168.8643,42.48,92,95,1.59
37,Cherskiy,RU,2021-09-26 08:06:50,68.75,161.3,31.3,92,100,10.02
38,Karatau,KZ,2021-09-26 08:06:50,43.1667,70.4667,87.26,8,0,6.42
39,Zverinogolovskoye,RU,2021-09-26 08:06:51,54.4586,64.8542,53.31,46,100,19.8
40,Camacha,PT,2021-09-26 08:06:51,33.0833,-16.3333,65.62,77,20,0.0
41,Finnsnes,NO,2021-09-26 08:06:51,69.2296,17.9811,46.35,75,100,4.27
42,Saint-Joseph,RE,2021-09-26 08:06:52,-21.3667,55.6167,79.21,75,28,15.93
43,Arraial Do Cabo,BR,2021-09-26 08:06:52,-22.9661,-42.0278,70.47,82,75,24.56
44,Riyadh,SA,2021-09-26 08:05:58,24.6877,46.7219,96.85,11,0,9.22
45,Tromso,NO,2021-09-26 08:06:52,69.6496,18.957,46.38,81,75,1.99
46,Seoul,KR,2021-09-26 08:04:07,37.5683,126.9778,79.99,48,100,4.12
47,East London,ZA,2021-09-26 08:06:21,-33.0153,27.9116,68.29,65,40,8.57
48,Tranas,SE,2021-09-26 08:06:53,58.0372,14.9782,54.37,64,100,5.57
49,San Jose,US,2021-09-26 08:06:53,37.3394,-121.895,62.11,83,90,5.75
50,Saldanha,ZA,2021-09-26 08:06:53,-33.0117,17.9442,61.65,84,27,12.03
51,Provideniya,RU,2021-09-26 08:06:54,64.3833,-173.3,32.85,77,71,6.64
52,Geraldton,AU,2021-09-26 08:06:54,-28.7667,114.6,68.41,56,40,16.11
53,Saint-Philippe,RE,2021-09-26 08:06:54,-21.3585,55.7679,80.22,83,47,15.61
54,Suleja,NG,2021-09-26 08:06:55,9.1758,7.1808,73.44,86,100,1.05
55,Pisco,PE,2021-09-26 08:05:03,-13.7,-76.2167,60.85,88,90,5.75
56,Tshikapa,CD,2021-09-26 08:06:55,-6.4167,20.8,83.88,54,47,3.91
57,Punta Arenas,CL,2021-09-26 08:06:56,-53.15,-70.9167,33.91,86,40,3.44
58,Hobart,AU,2021-09-26 08:06:56,-42.8794,147.3294,53.26,62,20,5.75
59,Nishihara,JP,2021-09-26 08:04:53,26.1842,127.7558,85.68,82,75,5.75
60,Surgut,RU,2021-09-26 08:06:56,61.25,73.4167,41.18,81,0,8.95
61,Kodiak,US,2021-09-26 08:06:57,57.79,-152.4072,37.33,81,24,7.63
62,Sioux Lookout,CA,2021-09-26 08:06:57,50.1001,-91.917,43.59,79,5,2.86
63,Kavieng,PG,2021-09-26 08:06:57,-2.5744,150.7967,82.98,78,83,10.76
64,Busselton,AU,2021-09-26 08:06:58,-33.65,115.3333,59.04,79,46,11.39
65,Fortuna,US,2021-09-26 08:06:58,40.5982,-124.1573,57.18,72,90,1.01
66,Hamilton,US,2021-09-26 08:06:58,39.1834,-84.5333,53.78,89,1,1.01
67,Butaritari,KI,2021-09-26 08:06:58,3.0707,172.7902,83.17,76,22,12.93
68,Port Elizabeth,ZA,2021-09-26 08:06:59,-33.918,25.5701,70.11,70,79,7.09
69,Iqaluit,CA,2021-09-26 08:06:59,63.7506,-68.5145,34.7,69,100,15.01
70,Terbuny,RU,2021-09-26 08:06:59,52.1389,38.2789,51.4,77,72,18.16
71,Mar Del Plata,AR,2021-09-26 08:07:00,-38.0023,-57.5575,57.0,64,90,14.0
72,Nieuw Amsterdam,SR,2021-09-26 08:07:00,5.8833,-55.0833,77.02,91,48,7.83
73,Castro,BR,2021-09-26 08:07:00,-24.7911,-50.0119,54.93,97,17,3.87
74,Acapulco,MX,2021-09-26 08:02:47,16.8634,-99.8901,78.94,86,99,3.76
75,Codrington,AU,2021-09-26 08:07:01,-38.2667,141.9667,50.83,72,6,12.86
76,Cape Town,ZA,2021-09-26 08:02:09,-33.9258,18.4232,67.12,83,57,1.99
77,Yumen,CN,2021-09-26 08:07:01,40.2833,97.2,70.61,19,0,7.83
78,Tiksi,RU,2021-09-26 08:07:01,71.6872,128.8694,34.39,93,100,21.79
79,Yar-Sale,RU,2021-09-26 08:07:02,66.8333,70.8333,41.59,55,12,11.03
80,Ahipara,NZ,2021-09-26 08:07:02,-35.1667,173.1667,55.24,82,100,9.22
81,Sao Filipe,CV,2021-09-26 08:07:02,14.8961,-24.4956,77.94,76,69,8.86
82,Babati,TZ,2021-09-26 08:07:03,-4.2167,35.75,73.17,51,58,8.48
83,Dikson,RU,2021-09-26 08:07:03,73.5069,80.5464,36.14,83,100,20.92
84,Torbay,CA,2021-09-26 08:07:03,47.6666,-52.7314,47.57,90,99,1.99
85,Verkhnetulomskiy,RU,2021-09-26 08:07:04,68.6073,31.7962,41.13,89,100,2.53
86,Krasnokamensk,RU,2021-09-26 08:07:04,50.0979,118.0369,58.41,88,100,14.09
87,Half Moon Bay,US,2021-09-26 08:03:47,37.4636,-122.4286,61.81,87,90,0.0
88,Nuuk,GL,2021-09-26 08:07:04,64.1835,-51.7216,27.21,74,0,5.75
89,The Valley,AI,2021-09-26 08:07:05,18.217,-63.0578,81.1,73,14,11.88
90,Sembakung,ID,2021-09-26 08:07:05,3.8167,117.25,87.73,70,90,3.83
91,Sao Joao Da Barra,BR,2021-09-26 08:07:05,-21.6403,-41.0511,70.68,76,100,18.43
92,Menongue,AO,2021-09-26 08:07:06,-14.6585,17.691,87.75,11,0,11.52
93,Mogadishu,SO,2021-09-26 08:07:06,2.0371,45.3438,80.91,70,23,21.03
94,Nanortalik,GL,2021-09-26 08:07:06,60.1432,-45.2371,37.09,70,10,6.13
95,Manta,EC,2021-09-26 08:07:07,-0.95,-80.7333,71.38,88,90,9.22
96,Saint George,US,2021-09-26 08:07:07,37.1041,-113.5841,76.42,37,1,3.0
97,Matara,LK,2021-09-26 08:07:07,5.9485,80.5353,82.65,81,100,16.8
98,Gamba,GA,2021-09-26 08:07:08,-2.65,10.0,77.95,79,99,4.97
99,Atuona,PF,2021-09-26 08:07:08,-9.8,-139.0333,77.7,77,60,19.8
100,Itarema,BR,2021-09-26 08:07:08,-2.9248,-39.9167,78.89,76,64,15.99
101,Vytegra,RU,2021-09-26 08:07:09,61.0064,36.4481,47.68,94,100,5.46
102,Kurilsk,RU,2021-09-26 08:07:09,45.2333,147.8833,52.23,73,100,4.41
103,Khowai,IN,2021-09-26 08:07:09,24.1,91.6333,91.18,56,8,2.46
104,High Point,US,2021-09-26 08:07:10,35.9557,-80.0053,57.2,85,1,4.61
105,Mersing,MY,2021-09-26 08:07:10,2.4312,103.8405,86.7,64,100,7.14
106,Victoria,HK,2021-09-26 08:07:10,22.2855,114.1577,93.22,75,27,5.01
107,High Level,CA,2021-09-26 08:07:10,58.5169,-117.136,42.26,63,53,3.18
108,Constitucion,CL,2021-09-26 08:07:11,-35.3333,-72.4167,48.13,90,49,7.27
109,Seymchan,RU,2021-09-26 08:07:11,62.8833,152.4333,33.39,76,69,8.48
110,Tharad,IN,2021-09-26 08:07:11,24.3961,71.6267,91.04,55,97,7.65
111,Bathsheba,BB,2021-09-26 08:07:12,13.2167,-59.5167,77.61,94,40,5.75
112,Nikolskoye,RU,2021-09-26 08:07:12,59.7035,30.7861,49.89,85,100,9.82
113,Tono,JP,2021-09-26 08:07:12,39.3167,141.5333,57.47,87,100,3.96
114,Tsiroanomandidy,MG,2021-09-26 08:07:13,-18.7667,46.0333,83.28,28,0,6.35
115,Guerrero Negro,MX,2021-09-26 08:07:13,27.9769,-114.0611,69.33,77,33,12.1
116,Carnarvon,AU,2021-09-26 08:07:13,-24.8667,113.6333,73.47,43,0,12.66
117,Marzuq,YE,2021-09-26 08:07:14,14.4,46.4667,90.97,11,24,9.82
118,Tasiilaq,GL,2021-09-26 08:07:14,65.6145,-37.6368,37.56,57,94,2.55
119,Coquimbo,CL,2021-09-26 08:03:34,-29.9533,-71.3436,49.73,87,0,2.3
120,Longyearbyen,SJ,2021-09-26 08:07:14,78.2186,15.6401,37.24,93,75,3.44
121,Willmar,US,2021-09-26 08:07:15,45.1219,-95.0433,53.2,66,1,4.61
122,Maniitsoq,GL,2021-09-26 08:07:15,65.4167,-52.9,30.96,53,0,5.77
123,Hilo,US,2021-09-26 08:06:00,19.7297,-155.09,77.29,93,90,9.22
124,Port Blair,IN,2021-09-26 08:07:15,11.6667,92.75,80.6,84,100,10.27
125,Belogorsk,RU,2021-09-26 08:07:16,50.9158,128.4611,62.89,62,41,7.99
126,Yellowknife,CA,2021-09-26 08:03:40,62.456,-114.3525,37.42,99,100,5.01
127,Bethel,US,2021-09-26 08:07:16,41.3712,-73.414,61.05,92,40,0.0
128,Murgab,TM,2021-09-26 08:07:16,37.4966,61.9714,85.87,35,0,11.5
129,Rikitea,PF,2021-09-26 08:07:17,-23.1203,-134.9692,73.78,73,4,15.93
130,New Norfolk,AU,2021-09-26 08:07:17,-42.7826,147.0587,52.92,58,14,2.84
131,Thompson,CA,2021-09-26 08:07:17,55.7435,-97.8558,43.57,88,100,3.11
132,Los Alamos,US,2021-09-26 08:07:17,35.8881,-106.307,54.27,68,1,1.01
133,Margate,GB,2021-09-26 08:07:18,51.3813,1.3862,65.91,93,70,11.97
134,Bani,DO,2021-09-26 08:06:10,18.2833,-70.3333,77.13,82,50,3.53
135,Maningrida,AU,2021-09-26 08:07:18,-12.0667,134.2667,82.81,67,82,12.88
136,Adeje,ES,2021-09-26 08:07:19,28.1227,-16.726,73.02,69,20,10.36
137,San Patricio,US,2021-09-26 08:07:19,28.017,-97.5169,76.84,64,99,4.52
138,Cayenne,GF,2021-09-26 08:03:59,4.9333,-52.3333,78.1,89,80,0.0
139,Chegdomyn,RU,2021-09-26 08:07:19,51.1167,133.0167,59.65,69,45,1.34
140,Shimoda,JP,2021-09-26 08:07:20,34.6667,138.95,63.1,87,100,13.53
141,Baykit,RU,2021-09-26 08:07:20,61.67,96.37,40.78,82,100,6.69
142,Lebu,CL,2021-09-26 08:07:20,-37.6167,-73.65,46.08,85,16,13.98
143,Dunedin,NZ,2021-09-26 08:07:21,-45.8742,170.5036,41.81,74,99,6.71
144,Verkhoyansk,RU,2021-09-26 08:07:21,67.5447,133.385,40.19,68,43,5.28
145,Denpasar,ID,2021-09-26 08:05:40,-8.65,115.2167,83.86,70,20,17.27
146,Wajima,JP,2021-09-26 08:07:21,37.4,136.9,71.17,81,55,3.89
147,Honolulu,US,2021-09-26 08:04:37,21.3069,-157.8583,78.62,75,75,4.0
148,Shakhtinsk,KZ,2021-09-26 08:07:22,49.71,72.5872,61.36,18,100,12.46
149,Keti Bandar,PK,2021-09-26 08:07:22,24.1447,67.4497,88.72,64,18,8.01
150,Fare,PF,2021-09-26 08:07:22,-16.7,-151.0167,79.38,78,8,12.62
151,Yenagoa,NG,2021-09-26 08:07:23,4.9247,6.2642,75.02,94,100,2.24
152,Pacific Grove,US,2021-09-26 08:07:23,36.6177,-121.9166,60.91,86,90,1.01
153,Hithadhoo,MV,2021-09-26 08:07:23,-0.6,73.0833,82.49,75,100,14.9
154,Sungai Besar,MY,2021-09-26 08:07:24,3.6746,100.9867,83.66,76,99,4.68
155,San Quintin,MX,2021-09-26 08:07:24,30.4833,-115.95,66.31,86,43,8.72
156,Port Lincoln,AU,2021-09-26 08:07:24,-34.7333,135.8667,57.81,63,44,11.9
157,Souillac,MU,2021-09-26 08:07:24,-20.5167,57.5167,77.36,70,13,18.05
158,Karakol,KG,2021-09-26 08:07:25,42.4907,78.3936,69.62,21,0,7.7
159,Port Hedland,AU,2021-09-26 08:07:25,-20.3167,118.5667,86.05,39,0,19.57
160,Zinder,NE,2021-09-26 08:07:25,13.8072,8.9881,87.01,24,6,3.38
161,Asau,RO,2021-09-26 08:07:26,46.4333,26.4,67.95,57,0,0.96
162,Husavik,IS,2021-09-26 08:07:26,66.0449,-17.3389,41.61,95,100,29.42
163,Beinamar,TD,2021-09-26 08:07:26,8.6698,15.3813,78.15,77,77,3.85
164,Havre-Saint-Pierre,CA,2021-09-26 08:07:27,50.2334,-63.5986,49.57,95,100,3.85
165,Catamarca,AR,2021-09-26 08:07:27,-28.4696,-65.7852,67.77,42,0,1.99
166,Bambous Virieux,MU,2021-09-26 08:07:27,-20.3428,57.7575,77.22,72,6,17.34
167,Caluquembe,AO,2021-09-26 08:07:28,-13.7833,14.6833,80.4,18,0,9.04
168,Batagay-Alyta,RU,2021-09-26 08:07:28,67.8006,130.4114,32.99,83,91,1.28
169,Altay,CN,2021-09-26 08:07:28,47.8667,88.1167,52.29,22,100,7.43
170,Bluff,NZ,2021-09-26 08:07:29,-46.6,168.3333,42.8,60,83,9.66
171,Coahuayana,MX,2021-09-26 08:07:29,18.7333,-103.6833,77.81,89,100,2.42
172,Severo-Kurilsk,RU,2021-09-26 08:07:29,50.6789,156.125,46.92,88,4,10.36
173,Barrow,US,2021-09-26 08:07:29,71.2906,-156.7887,24.82,86,90,5.75
174,Georgetown,MY,2021-09-26 08:07:30,5.4112,100.3354,87.73,70,20,3.44
175,Tuktoyaktuk,CA,2021-09-26 08:07:30,69.4541,-133.0374,33.6,96,100,13.31
176,Grindavik,IS,2021-09-26 08:07:30,63.8424,-22.4338,41.47,81,75,27.63
177,Matay,EG,2021-09-26 08:07:31,28.419,30.7792,80.78,44,5,14.41
178,Portland,US,2021-09-26 08:07:31,45.5234,-122.6762,61.36,79,20,1.01
179,Oshakati,NA,2021-09-26 08:07:31,-17.7833,15.6833,82.8,12,0,8.05
180,Gaoual,GN,2021-09-26 08:07:31,11.75,-13.2,75.69,95,100,0.22
181,Erenhot,CN,2021-09-26 08:07:32,43.6475,111.9767,69.37,12,15,19.98
182,Saskylakh,RU,2021-09-26 08:07:32,71.9167,114.0833,33.6,97,100,15.55
183,Clyde River,CA,2021-09-26 08:07:32,70.4692,-68.5914,24.13,88,17,5.06
184,Katiola,CI,2021-09-26 08:07:33,8.1333,-5.1,72.3,94,100,2.98
185,Jitra,MY,2021-09-26 08:03:05,6.2681,100.4217,83.93,78,92,9.46
186,Upernavik,GL,2021-09-26 08:07:33,72.7868,-56.1549,19.62,61,0,4.7
187,Nouadhibou,MR,2021-09-26 08:07:33,20.931,-17.0347,73.13,78,16,15.01
188,Kaa-Khem,RU,2021-09-26 08:07:34,51.6833,94.7333,49.73,32,100,6.73
189,Bonavista,CA,2021-09-26 08:07:34,48.6499,-53.1147,48.11,87,49,17.58
190,Hailar,CN,2021-09-26 08:07:34,49.2,119.7,60.26,87,100,20.4
191,Aykhal,RU,2021-09-26 08:07:35,66.0,111.5,38.5,51,7,17.2
192,Businga,CD,2021-09-26 08:07:35,3.3333,20.8833,82.38,67,86,1.28
193,Nichinan,JP,2021-09-26 08:07:35,31.6,131.3667,84.76,78,24,11.56
194,Suslovo,RU,2021-09-26 08:07:35,56.2167,88.1167,41.56,83,100,9.31
195,Deputatskiy,RU,2021-09-26 08:07:36,69.3,139.9,29.19,89,100,19.98
196,Pontes E Lacerda,BR,2021-09-26 08:07:36,-15.2261,-59.3353,78.35,48,1,3.4
197,Kabare,CD,2021-09-26 08:07:36,-2.4683,28.8242,70.5,62,100,4.05
198,Presidencia Roque Saenz Pena,AR,2021-09-26 08:07:37,-26.7852,-60.4388,57.4,68,0,6.17
199,Siniscola,IT,2021-09-26 08:07:37,40.5719,9.6922,78.35,75,100,7.05
200,Bom Jesus,BR,2021-09-26 08:07:37,-9.0744,-44.3586,71.38,59,1,1.97
201,Vanimo,PG,2021-09-26 08:07:38,-2.6741,141.3028,82.53,78,100,7.25
202,Urumqi,CN,2021-09-26 08:07:38,43.801,87.6005,61.75,22,0,6.71
203,Hami,CN,2021-09-26 08:07:38,42.8,93.45,72.27,13,0,3.42
204,Kingaroy,AU,2021-09-26 08:07:39,-26.5333,151.8333,62.82,78,43,12.3
205,Togitsu,JP,2021-09-26 08:07:39,32.8333,129.85,81.99,65,96,4.43
206,Cabo San Lucas,MX,2021-09-26 08:05:10,22.8909,-109.9124,84.51,82,4,3.0
207,Ust-Ilimsk,RU,2021-09-26 08:07:39,58.0006,102.6619,37.11,98,100,4.52
208,Fairbanks,US,2021-09-26 08:07:28,64.8378,-147.7164,33.76,86,90,0.0
209,Iracoubo,GF,2021-09-26 08:07:40,5.4802,-53.2011,77.22,87,37,6.98
210,Ambon,ID,2021-09-26 08:07:40,-3.6954,128.1814,80.74,89,40,5.75
211,Auki,SB,2021-09-26 08:07:41,-8.7676,160.7034,79.92,82,18,4.03
212,Vila Franca Do Campo,PT,2021-09-26 08:07:41,37.7167,-25.4333,72.19,90,100,6.2
213,Salalah,OM,2021-09-26 08:07:41,17.0151,54.0924,87.89,70,20,10.36
214,Sur,OM,2021-09-26 08:07:42,22.5667,59.5289,93.7,45,8,7.16
215,Bambanglipuro,ID,2021-09-26 08:07:42,-7.95,110.2833,82.06,74,61,16.37
216,Lubao,PH,2021-09-26 08:07:42,14.9167,120.55,90.14,57,14,1.57
217,Solnechnyy,RU,2021-09-26 08:07:42,50.7214,136.6319,59.5,67,27,3.62
218,Chuy,UY,2021-09-26 08:07:43,-33.6971,-53.4616,59.22,84,92,2.82
219,Avarua,CK,2021-09-26 08:07:43,-21.2078,-159.775,69.85,94,20,1.14
220,Provost,CA,2021-09-26 08:07:43,52.3501,-110.2683,52.77,73,96,5.03
221,Kununurra,AU,2021-09-26 08:07:44,-15.7667,128.7333,98.58,20,96,8.05
222,Klyuchi,RU,2021-09-26 08:07:44,52.2667,79.1667,46.18,37,5,12.28
223,Bat Khela,PK,2021-09-26 08:07:44,34.6167,71.9714,87.06,47,0,5.06
224,Colac,AU,2021-09-26 08:07:45,-38.3333,143.5833,55.62,65,2,8.52
225,Ondangwa,NA,2021-09-26 08:07:45,-17.9167,15.95,83.39,12,0,9.31
226,Boyolangu,ID,2021-09-26 08:07:45,-8.1181,111.8935,80.46,76,81,11.25
227,Meulaboh,ID,2021-09-26 08:07:46,4.1363,96.1285,79.39,86,100,10.45
228,Hendrina,ZA,2021-09-26 08:07:46,-26.1588,29.7153,79.27,21,4,5.91
229,Tura,IN,2021-09-26 08:07:46,25.5198,90.2201,89.24,65,23,2.89
230,Lubango,AO,2021-09-26 08:07:46,-14.9172,13.4925,79.84,17,0,10.33
231,Sibolga,ID,2021-09-26 08:07:18,1.7427,98.7792,81.88,84,100,4.97
232,Dzhubga,RU,2021-09-26 08:07:47,44.3211,38.7039,66.07,64,28,15.57
233,Chokurdakh,RU,2021-09-26 08:07:47,70.6333,147.9167,32.68,98,100,16.58
234,Waiouru,NZ,2021-09-26 08:07:47,-39.4833,175.6667,39.74,97,98,2.86
235,Wangqing,CN,2021-09-26 08:07:48,43.3218,129.7634,68.68,76,51,2.08
236,Vila Velha,BR,2021-09-26 08:03:02,-20.3297,-40.2925,69.75,78,20,9.22
237,Caruray,PH,2021-09-26 08:07:48,10.3094,119.0128,84.67,74,93,0.25
238,Bud,US,2021-09-26 08:07:48,39.447,-86.1758,52.34,93,2,6.33
239,Chupa,RU,2021-09-26 08:07:49,66.27,33.0549,48.07,90,100,1.25
240,Abu Dhabi,AE,2021-09-26 08:06:41,24.4667,54.3667,100.42,44,0,13.8
241,Vangaindrano,MG,2021-09-26 08:07:49,-23.35,47.6,73.51,78,63,10.22
242,Rio Grande,BR,2021-09-26 08:07:49,-32.035,-52.0986,57.94,91,6,4.72
243,Key West,US,2021-09-26 08:07:50,24.5557,-81.7826,84.2,79,40,4.61
244,Lundazi,ZM,2021-09-26 08:07:50,-12.2929,33.1782,82.0,28,5,11.68
245,Hokitika,NZ,2021-09-26 08:07:50,-42.7167,170.9667,46.0,69,7,7.14
246,Pangnirtung,CA,2021-09-26 08:07:51,66.1451,-65.7125,32.04,64,44,2.91
247,Cartagena Del Chaira,CO,2021-09-26 08:07:51,1.3349,-74.8429,66.09,98,99,1.77
248,Qingdao,CN,2021-09-26 08:07:51,36.0986,120.3719,69.62,93,100,9.73
249,Kortkeros,RU,2021-09-26 08:07:51,61.8106,51.5806,50.0,92,100,9.17
250,Nemuro,JP,2021-09-26 08:07:52,43.3236,145.575,56.82,75,100,10.0
251,Touros,BR,2021-09-26 08:07:52,-5.1989,-35.4608,74.3,87,61,13.56
252,Arcachon,FR,2021-09-26 08:07:52,44.5875,-1.0519,65.41,100,20,5.75
253,Lianran,CN,2021-09-26 08:07:53,24.9227,102.485,72.82,61,96,4.72
254,Moron De La Frontera,ES,2021-09-26 08:07:53,37.1208,-5.454,64.08,91,0,0.0
255,Inta,RU,2021-09-26 08:07:53,66.0317,60.1659,45.46,49,100,8.84
256,Mount Gambier,AU,2021-09-26 08:07:54,-37.8333,140.7667,53.2,68,10,6.38
257,Dakar,SN,2021-09-26 08:04:04,14.6937,-17.4441,77.88,78,98,10.4
258,Vestmannaeyjar,IS,2021-09-26 08:07:54,63.4427,-20.2734,41.9,68,100,2.13
259,Sandpoint,US,2021-09-26 08:07:54,48.2766,-116.5533,60.44,87,1,0.0
260,Nelson Bay,AU,2021-09-26 08:07:55,-32.7167,152.15,58.1,68,100,1.99
261,Narsaq,GL,2021-09-26 08:07:55,60.9167,-46.05,32.22,46,6,8.48
262,Harnosand,SE,2021-09-26 08:07:55,62.6323,17.9379,53.01,69,94,8.28
263,Kiama,AU,2021-09-26 08:07:56,-34.6833,150.8667,57.38,67,88,8.66
264,Paamiut,GL,2021-09-26 08:07:56,61.994,-49.6678,33.42,61,4,11.23
265,Aljezur,PT,2021-09-26 08:07:56,37.3191,-8.8033,65.26,78,100,3.09
266,Faanui,PF,2021-09-26 08:07:57,-16.4833,-151.75,79.68,74,23,10.38
267,Axim,GH,2021-09-26 08:07:57,4.8699,-2.2405,75.74,88,100,3.58
268,Awjilah,LY,2021-09-26 08:07:57,29.1081,21.2869,77.18,43,0,8.19
269,Kruisfontein,ZA,2021-09-26 08:07:58,-34.0033,24.7314,67.89,59,92,5.44
270,Nenjiang,CN,2021-09-26 08:07:58,49.1833,125.2167,61.86,76,96,8.43
271,Srednekolymsk,RU,2021-09-26 08:07:58,67.45,153.6833,34.54,82,100,11.3
272,Kirakira,SB,2021-09-26 08:07:58,-10.4544,161.9205,79.83,85,13,9.75
273,Broken Hill,AU,2021-09-26 08:07:59,-31.95,141.4333,62.4,27,3,10.11
274,Ust-Maya,RU,2021-09-26 08:07:59,60.4167,134.5333,42.13,69,94,3.13
275,Turukhansk,RU,2021-09-26 08:07:59,65.8167,87.9833,45.1,62,11,11.83
276,Vostok,RU,2021-09-26 08:08:00,46.4856,135.8833,56.62,75,90,3.04
277,Ypsonas,CY,2021-09-26 08:08:00,34.6884,32.9574,83.16,44,0,9.22
278,Lompoc,US,2021-09-26 08:07:51,34.6391,-120.4579,58.68,95,90,0.0
279,Saint-Augustin,CA,2021-09-26 08:08:00,51.226,-58.6502,55.76,98,100,11.79
280,Polson,US,2021-09-26 08:08:01,47.6936,-114.1632,54.77,55,22,2.44
281,Virginia Beach,US,2021-09-26 08:03:46,36.8529,-75.978,66.22,87,1,6.91
282,Ojinaga,MX,2021-09-26 08:08:01,29.5667,-104.4167,77.95,38,90,9.22
283,Moen,NO,2021-09-26 08:08:01,69.1304,18.6123,46.45,93,75,0.0
284,Akyab,MM,2021-09-26 08:08:02,20.15,92.9,85.3,72,46,12.12
285,Ngunguru,NZ,2021-09-26 08:08:02,-35.6167,174.5,57.16,86,100,10.49
286,Vigrestad,NO,2021-09-26 08:08:02,58.5667,5.7,59.0,73,99,19.08
287,Genhe,CN,2021-09-26 08:08:03,50.7833,121.5167,55.42,85,100,10.45
288,Blagoyevo,RU,2021-09-26 08:08:03,63.3667,47.9167,46.35,95,100,4.61
289,Pompeia,BR,2021-09-26 08:08:03,-22.1086,-50.1717,66.78,61,65,6.13
290,Lorengau,PG,2021-09-26 08:08:04,-2.0226,147.2712,82.53,76,100,5.97
291,Chulumani,BO,2021-09-26 08:08:04,-16.4096,-67.5263,62.31,78,77,2.57
292,Bilma,NE,2021-09-26 08:08:04,18.6853,12.9164,89.74,19,0,17.6
293,Manyana,BW,2021-09-26 08:08:05,-23.4,21.7167,84.65,13,0,12.01
294,Ovalle,CL,2021-09-26 08:08:05,-30.5983,-71.2003,56.1,74,0,1.7
295,Comodoro Rivadavia,AR,2021-09-26 08:06:03,-45.8667,-67.5,40.86,60,0,14.97
296,Los Angeles,US,2021-09-26 08:07:09,34.0522,-118.2437,70.9,85,90,0.0
297,La Palma,US,2021-09-26 08:08:05,33.8464,-118.0467,68.5,86,90,1.99
298,Porto Novo,BJ,2021-09-26 08:08:06,6.4965,2.6036,76.1,86,100,3.06
299,Miri,MY,2021-09-26 08:08:06,4.4148,114.0089,84.45,71,99,5.12
300,Bida,NG,2021-09-26 08:08:06,9.0833,6.0167,76.59,79,99,3.44
301,Laguna,US,2021-09-26 08:08:07,38.421,-121.4238,71.22,80,1,4.0
302,Vesyegonsk,RU,2021-09-26 08:08:07,58.664,37.2604,50.13,86,96,7.4
303,Saint-Louis,SN,2021-09-26 08:08:07,16.3333,-15.0,84.6,52,99,8.41
304,Berlevag,NO,2021-09-26 08:08:08,70.8578,29.0864,47.34,79,21,12.68
305,Mundo Nuevo,MX,2021-09-26 08:08:08,18.7,-95.5,78.03,78,100,7.23
306,Port Hardy,CA,2021-09-26 08:08:08,50.6996,-127.4199,55.58,94,90,9.22
307,Gawler,AU,2021-09-26 08:08:09,-34.6,138.7333,66.34,44,48,7.87
308,Leningradskiy,RU,2021-09-26 08:08:09,69.3833,178.4167,27.37,92,100,7.34
309,Haines Junction,CA,2021-09-26 08:08:09,60.7522,-137.5108,32.34,82,99,1.83
310,Henties Bay,NA,2021-09-26 08:08:09,-22.116,14.2845,56.86,74,0,4.92
311,Linjiang,CN,2021-09-26 08:08:10,41.8069,126.9078,74.08,64,19,2.13
312,Brewster,US,2021-09-26 08:08:10,41.3973,-73.6171,61.39,95,40,0.0
313,Barra Do Garcas,BR,2021-09-26 08:08:10,-15.89,-52.2567,73.62,57,21,0.43
314,San Policarpo,PH,2021-09-26 08:08:11,12.1791,125.5072,84.58,74,99,8.39
315,Hofn,IS,2021-09-26 08:08:11,64.2539,-15.2082,40.53,89,100,14.32
316,Waingapu,ID,2021-09-26 08:08:11,-9.6567,120.2641,82.96,62,94,11.21
317,Ponta Do Sol,PT,2021-09-26 08:08:12,32.6667,-17.1,70.72,72,100,2.84
318,Annau,TM,2021-09-26 08:08:12,37.8876,58.516,81.9,34,0,6.91
319,Emerald,AU,2021-09-26 08:08:12,-23.5333,148.1667,85.98,100,59,6.13
320,Merauke,ID,2021-09-26 08:08:12,-8.4667,140.3333,80.1,87,100,13.78
321,Los Llanos De Aridane,ES,2021-09-26 08:08:13,28.6585,-17.9182,67.75,78,40,8.05
322,Hasaki,JP,2021-09-26 08:08:13,35.7333,140.8333,66.6,59,100,12.88
323,Sault Sainte Marie,CA,2021-09-26 08:06:03,46.5168,-84.3333,50.29,81,40,5.75
324,Namibe,AO,2021-09-26 08:08:14,-15.1961,12.1522,66.43,74,38,5.1
325,Isangel,VU,2021-09-26 08:08:14,-19.55,169.2667,70.09,70,27,9.28
326,Naze,JP,2021-09-26 08:08:14,28.3667,129.4833,79.45,80,18,11.14
327,Faya,SA,2021-09-26 08:08:15,18.3851,42.4509,81.12,17,3,10.56
328,Jalu,LY,2021-09-26 08:08:15,29.0331,21.5482,77.05,41,0,7.99
329,Sorland,NO,2021-09-26 08:08:15,67.667,12.6934,49.8,93,100,33.64
330,Karpogory,RU,2021-09-26 08:08:15,64.0019,44.4451,46.13,94,100,2.93
331,Ilulissat,GL,2021-09-26 08:08:16,69.2167,-51.1,15.82,62,0,2.3
332,Mount Isa,AU,2021-09-26 08:08:16,-20.7333,139.5,92.97,10,6,5.75
333,Anadyr,RU,2021-09-26 08:08:16,64.75,177.4833,36.1,80,75,4.0
334,Zyryanskoye,RU,2021-09-26 08:08:17,56.8306,86.6258,35.78,100,100,6.35
335,Utena,LT,2021-09-26 08:08:17,55.5,25.6,53.8,67,2,13.51
336,Amsterdam,NL,2021-09-26 08:06:44,52.374,4.8897,64.89,94,20,1.01
337,Rio Gallegos,AR,2021-09-26 08:08:17,-51.6226,-69.2181,30.25,93,0,12.66
338,Kirkwall,GB,2021-09-26 08:08:18,58.9848,-2.9587,59.34,89,20,16.11
339,Westport,US,2021-09-26 08:08:18,41.1415,-73.3579,64.74,89,40,3.0
340,Cidreira,BR,2021-09-26 08:08:18,-30.1811,-50.2056,61.54,94,9,6.91
341,Beringovskiy,RU,2021-09-26 08:08:19,63.05,179.3167,36.34,60,49,8.7
342,Bandarbeyla,SO,2021-09-26 08:08:19,9.4942,50.8122,91.02,46,95,23.76
343,Amapa,BR,2021-09-26 08:08:19,1.0,-52.0,68.9,99,100,1.05
344,Yulara,AU,2021-09-26 08:08:20,-25.2406,130.9889,91.24,8,0,10.36
345,Tomatlan,MX,2021-09-26 08:08:20,19.9333,-105.25,72.52,91,100,4.45
346,Noumea,NC,2021-09-26 08:08:20,-22.2763,166.4572,67.98,65,21,12.91
347,Inyonga,TZ,2021-09-26 08:08:20,-6.7167,32.0667,81.39,31,95,8.01
348,Mackay,AU,2021-09-26 08:08:21,-21.15,149.2,71.69,72,0,9.26
349,Korla,CN,2021-09-26 08:08:21,41.7597,86.1469,74.77,15,0,12.08
350,Manokwari,ID,2021-09-26 08:08:21,-0.8667,134.0833,83.3,69,14,6.04
351,Pedernales,DO,2021-09-26 08:08:22,18.0384,-71.744,80.51,76,87,2.01
352,Assiniboia,CA,2021-09-26 08:05:14,49.6334,-105.9845,57.49,54,5,6.24
353,Aksehir,TR,2021-09-26 08:08:22,38.3575,31.4164,64.78,44,0,5.64
354,Floro,NO,2021-09-26 08:08:22,61.5996,5.0328,58.96,67,90,12.66
355,Tevriz,RU,2021-09-26 08:08:23,57.509,72.4042,42.58,53,99,5.73
356,Portobelo,PA,2021-09-26 08:08:23,9.55,-79.65,77.86,85,99,4.56
357,Natal,BR,2021-09-26 08:05:40,-5.795,-35.2094,74.05,94,20,4.61
358,Pombas,CV,2021-09-26 08:08:23,17.1503,-25.0201,74.98,76,23,10.09
359,Oktyabrskoye,RU,2021-09-26 08:08:24,43.0645,44.7417,59.14,51,20,6.71
360,Svetlyy,RU,2021-09-26 08:08:24,54.675,20.1347,57.25,73,98,2.84
361,Ribeira Grande,PT,2021-09-26 08:08:24,38.5167,-28.7,66.6,88,40,4.61
362,Gushikawa,JP,2021-09-26 08:08:25,26.3544,127.8686,85.62,78,1,10.36
363,Badalona,ES,2021-09-26 08:08:25,41.45,2.2474,78.84,63,20,4.0
364,Cururupu,BR,2021-09-26 08:07:10,-1.8283,-44.8683,75.22,89,83,4.72
365,Ouadda,CF,2021-09-26 08:08:25,8.0777,22.4007,76.89,79,66,1.66
366,Tupik,RU,2021-09-26 08:08:25,54.4253,119.9327,51.08,94,100,7.11
367,Ekhabi,RU,2021-09-26 08:08:26,53.5102,142.9671,50.76,66,98,11.61
368,Mashhad,IR,2021-09-26 08:08:26,36.297,59.6062,84.34,32,0,11.5
369,Bonthe,SL,2021-09-26 08:08:27,7.5264,-12.505,76.87,88,99,5.39
370,Carutapera,BR,2021-09-26 08:08:27,-1.195,-46.02,76.53,89,86,7.85
371,Mbanza-Ngungu,CD,2021-09-26 08:07:11,-5.25,14.8667,73.29,72,89,8.43
372,Coihaique,CL,2021-09-26 08:03:37,-45.5752,-72.0662,33.75,86,20,3.44
373,Soe,ID,2021-09-26 08:08:27,-9.8607,124.284,77.58,49,99,7.61
374,Peterhead,GB,2021-09-26 08:08:28,57.5058,-1.7981,63.12,98,99,17.22
375,Lavrentiya,RU,2021-09-26 08:08:28,65.5833,-171.0,29.89,84,55,5.48
376,Evensk,RU,2021-09-26 08:08:28,61.95,159.2333,43.12,88,100,8.93
377,Dingle,PH,2021-09-26 08:08:29,10.9995,122.6711,84.83,77,57,4.09
378,Kuytun,RU,2021-09-26 08:08:29,54.3419,101.5036,46.99,41,72,3.18
379,Safakulevo,RU,2021-09-26 08:08:29,54.9901,62.5442,49.14,53,100,18.68
380,Dalbandin,PK,2021-09-26 08:08:29,28.8947,64.4101,96.55,6,0,1.39
381,Kannur,IN,2021-09-26 08:08:30,11.8675,75.3576,84.78,68,99,9.84
382,Lakefield,US,2021-09-26 08:08:30,43.6775,-95.1717,59.29,73,1,6.91
383,Palmer,US,2021-09-26 08:08:30,42.1584,-72.3287,63.01,82,40,0.0
384,Tiassale,CI,2021-09-26 08:08:31,5.8983,-4.8283,75.45,95,100,0.65
385,Ingham,US,2021-09-26 08:08:31,42.6,-84.3833,52.02,86,1,3.44
386,Hay River,CA,2021-09-26 08:08:31,60.8156,-115.7999,40.33,82,86,5.28
387,Zadar,HR,2021-09-26 08:08:31,44.1197,15.2422,72.21,64,0,6.91
388,Adrar,MR,2021-09-26 08:08:32,20.5022,-10.0711,87.1,17,57,5.59
389,Rath,IN,2021-09-26 08:08:17,25.5833,79.5667,92.26,52,85,6.6
390,Tottori,JP,2021-09-26 08:08:32,35.5,134.2333,71.29,86,65,6.02
391,Zhigansk,RU,2021-09-26 08:08:32,66.7697,123.3711,39.22,60,9,14.41
392,Zemio,CF,2021-09-26 08:08:33,5.0314,25.1361,80.33,68,98,2.39
393,Meliti,GR,2021-09-26 08:08:33,40.8333,21.5833,71.44,21,0,1.36
394,Slonim,BY,2021-09-26 08:08:33,53.0867,25.3219,55.58,73,9,7.99
395,Daru,PG,2021-09-26 08:08:34,-9.0763,143.2092,78.28,92,89,13.94
396,Inhambane,MZ,2021-09-26 08:08:34,-23.865,35.3833,81.66,54,0,8.34
397,Tocopilla,CL,2021-09-26 08:08:34,-22.092,-70.1979,60.91,69,37,1.66
398,Oranjemund,NA,2021-09-26 08:08:34,-28.55,16.4333,63.16,61,54,11.23
399,Aklavik,CA,2021-09-26 08:08:35,68.2191,-135.0107,30.92,89,100,11.63
400,Pingyin,CN,2021-09-26 08:08:35,36.2831,116.4453,67.39,95,100,4.34
401,Viedma,AR,2021-09-26 08:08:35,-40.8135,-62.9967,52.86,39,0,27.2
402,Kibala,TD,2021-09-26 08:08:36,9.1104,18.3463,80.44,76,34,4.81
403,Elizabeth City,US,2021-09-26 08:06:14,36.2946,-76.2511,66.22,92,1,1.01
404,Kavaratti,IN,2021-09-26 08:08:36,10.5669,72.642,81.64,80,85,17.16
405,Sabang,ID,2021-09-26 08:08:36,5.8933,95.3214,81.19,79,87,24.56
406,Dandong,CN,2021-09-26 08:08:37,40.1292,124.3947,73.24,74,100,3.69
407,Moose Factory,CA,2021-09-26 08:08:37,51.2585,-80.6094,43.57,98,67,5.37
408,Imeni Poliny Osipenko,RU,2021-09-26 08:08:37,52.4201,136.4853,60.46,62,52,3.31
409,Barrie,CA,2021-09-26 08:08:38,44.4001,-79.6663,52.27,92,1,7.34
410,Khandyga,RU,2021-09-26 08:08:38,62.6667,135.6,42.19,82,96,4.7
411,Yambio,SS,2021-09-26 08:08:38,4.5721,28.3955,79.86,68,86,3.49
412,Bagotville,AU,2021-09-26 08:08:39,-28.9833,153.4167,62.62,80,100,14.38
413,Saucillo,MX,2021-09-26 08:08:39,28.0167,-105.2833,67.17,74,100,12.68
414,Bay Roberts,CA,2021-09-26 08:08:39,47.5999,-53.2648,48.33,89,86,10.0
415,Vao,NC,2021-09-26 08:06:15,-22.6667,167.4833,68.54,58,97,12.28
416,Kharp,RU,2021-09-26 08:08:40,66.8014,65.8081,40.96,57,58,10.51
417,Puerto Escondido,MX,2021-09-26 08:08:40,15.85,-97.0667,78.08,84,100,5.12
418,Astoria,US,2021-09-26 08:08:40,46.1879,-123.8313,56.86,85,90,4.0
419,Odweyne,SO,2021-09-26 08:08:40,9.4092,45.064,84.29,36,65,18.25
420,Adre,TD,2021-09-26 08:08:41,13.4667,22.2,81.97,58,88,9.37
421,Cortez,US,2021-09-26 08:08:41,37.3489,-108.5859,58.42,72,1,0.0
422,Belmonte,BR,2021-09-26 08:08:41,-15.8631,-38.8828,66.7,84,65,5.66
423,Chumikan,RU,2021-09-26 08:08:42,54.7183,135.315,54.28,69,39,7.81
424,Khalandrion,GR,2021-09-26 08:08:42,38.0306,23.7979,82.72,35,0,1.01
425,Waiuku,NZ,2021-09-26 08:08:42,-37.25,174.75,57.25,71,57,5.66
426,Ampanihy,MG,2021-09-26 08:08:43,-24.7,44.75,89.89,17,0,1.66
427,Utete,TZ,2021-09-26 08:08:43,-7.986,38.758,83.34,49,91,2.71
428,Morehead,US,2021-09-26 08:08:43,37.2711,-87.1764,49.98,99,3,2.75
429,Shakawe,BW,2021-09-26 08:08:43,-18.3667,21.85,87.39,12,0,9.84
430,Mangai,CD,2021-09-26 08:08:44,-4.05,19.5333,85.8,53,80,3.02
431,Nador,MA,2021-09-26 08:08:44,35.174,-2.9287,68.25,73,0,1.14
432,Opuwo,NA,2021-09-26 08:08:44,-18.0607,13.84,87.75,12,0,11.79
433,Sola,VU,2021-09-26 08:08:45,-13.8833,167.55,79.2,79,21,16.49
434,Eenhana,NA,2021-09-26 08:08:45,-17.4667,16.3333,88.3,10,0,10.31
435,Sringeri,IN,2021-09-26 08:08:45,13.4167,75.25,77.9,65,89,7.0
436,Port Hawkesbury,CA,2021-09-26 08:08:46,45.6169,-61.3485,65.91,99,90,7.0
437,Usinsk,RU,2021-09-26 08:08:46,65.9939,57.5281,44.6,58,100,8.77
438,Barstow,US,2021-09-26 08:08:46,34.8986,-117.0228,75.9,44,18,4.61
439,Komsomolskiy,UZ,2021-09-26 08:08:47,40.4272,71.7189,84.92,14,0,6.91
440,Hambantota,LK,2021-09-26 08:08:47,6.1241,81.1185,84.54,84,40,19.57
441,Sungaipenuh,ID,2021-09-26 08:08:47,-2.0833,101.3833,69.46,95,100,1.36
442,Quang Ngai,VN,2021-09-26 08:08:48,15.1167,108.8,83.95,75,11,5.93
443,Mountain Home,US,2021-09-26 08:08:15,43.133,-115.6912,65.14,25,0,5.03
444,Alta,NO,2021-09-26 08:08:48,69.9689,23.2717,45.64,100,20,3.44
445,Poltavka,RU,2021-09-26 08:08:49,54.3663,71.7632,46.74,36,9,10.27
446,Cuenca,EC,2021-09-26 08:08:49,-2.8833,-78.9833,52.2,97,100,1.14
447,Gulbene,LV,2021-09-26 08:08:49,57.1777,26.7529,48.24,79,90,8.68
448,Antofagasta,CL,2021-09-26 08:08:50,-23.65,-70.4,58.28,80,53,0.85
449,Cervo,ES,2021-09-26 08:08:50,43.6702,-7.4101,65.97,74,100,8.12
450,Timbiqui,CO,2021-09-26 08:08:51,2.7717,-77.6654,75.7,93,100,3.27
451,Corrales,US,2021-09-26 08:08:51,35.2378,-106.6067,64.69,71,1,1.01
452,Kharitonovo,RU,2021-09-26 08:08:51,61.4009,47.4978,46.76,93,100,5.55
453,Ancud,CL,2021-09-26 08:08:52,-41.8697,-73.8203,33.33,78,6,2.68
454,Vilkija,LT,2021-09-26 08:08:52,55.05,23.5833,55.62,60,11,7.36
455,Leua,SK,2021-09-26 08:08:52,48.2156,18.6071,68.5,58,11,8.52
456,Luderitz,NA,2021-09-26 08:08:52,-26.6481,15.1594,69.69,47,6,15.1
457,Broome,US,2021-09-26 08:08:53,42.2506,-75.833,56.46,81,90,1.99
458,Port-Gentil,GA,2021-09-26 08:08:53,-0.7193,8.7815,77.38,86,100,10.74
459,Alofi,NU,2021-09-26 08:08:53,-19.0595,-169.9187,74.17,54,71,3.83
460,Argayash,RU,2021-09-26 08:08:54,55.4888,60.8767,51.49,45,100,17.78
461,Lagos,NG,2021-09-26 08:08:07,6.5833,3.75,81.34,75,81,0.85
462,Rosia,RO,2021-09-26 08:08:54,45.8167,24.3167,65.71,70,0,2.3
463,Laem Sing,TH,2021-09-26 08:08:54,12.4816,102.0738,81.14,86,100,4.29
464,Atambua,ID,2021-09-26 08:08:55,-9.1061,124.8925,79.77,63,90,1.92
465,Marsaxlokk,MT,2021-09-26 08:08:55,35.8419,14.5431,80.08,69,40,6.91
466,Troitsko-Pechorsk,RU,2021-09-26 08:08:56,62.7084,56.1964,42.71,74,100,10.85
467,Goderich,CA,2021-09-26 08:06:26,43.7501,-81.7165,58.91,67,11,18.54
468,Boldumsaz,TM,2021-09-26 08:08:56,42.1282,59.671,77.05,33,46,12.28
469,Airai,TL,2021-09-26 08:08:56,-8.9266,125.4092,68.25,62,98,2.91
470,Hermosillo,MX,2021-09-26 08:06:37,29.0667,-110.9667,79.84,74,75,3.0
471,Pedasi,PA,2021-09-26 08:08:57,7.5333,-80.0333,79.07,84,100,12.03
472,Roald,NO,2021-09-26 08:08:57,62.5833,6.1333,65.12,59,75,10.36
473,Stourbridge,GB,2021-09-26 08:08:57,52.4561,-2.1432,60.03,94,41,8.5
474,Mercedes,AR,2021-09-26 08:08:58,-34.6515,-59.4307,56.86,97,0,7.09
475,Angoche,MZ,2021-09-26 08:08:58,-16.2325,39.9086,82.62,61,17,9.19
476,Arlit,NE,2021-09-26 08:08:58,18.7369,7.3853,93.92,12,0,20.02
477,Bousse,BF,2021-09-26 08:08:59,12.6606,-1.8922,81.01,64,1,11.63
478,Lakes Entrance,AU,2021-09-26 08:08:59,-37.8811,147.981,54.57,65,0,10.07
479,Deer Lake,CA,2021-09-26 08:09:00,49.1667,-57.4316,54.95,91,82,7.14
480,Gravelbourg,CA,2021-09-26 08:09:00,49.8834,-106.5512,57.33,54,6,6.85
481,Krasnoyarka,RU,2021-09-26 08:09:01,55.3333,73.1167,39.15,48,7,8.93
482,Wau,SS,2021-09-26 08:09:01,7.7029,27.9953,82.42,66,93,1.14
483,Malartic,CA,2021-09-26 08:09:02,48.1335,-78.1328,44.42,98,48,4.88
484,Copiapo,CL,2021-09-26 08:09:02,-27.3667,-70.3333,46.09,46,0,1.1
485,Belen,TR,2021-09-26 08:09:02,36.4891,36.2233,73.02,38,0,1.14
486,Tumut,AU,2021-09-26 08:09:02,-35.3,148.2167,56.39,65,0,2.66
487,Port Moresby,PG,2021-09-26 08:09:03,-9.4431,147.1797,77.92,89,98,15.37
488,Vestmanna,FO,2021-09-26 08:09:03,62.1564,-7.1664,52.72,100,90,21.85
489,Te Anau,NZ,2021-09-26 08:09:03,-45.4167,167.7167,35.31,85,70,3.98
490,Nauen,DE,2021-09-26 08:09:04,52.607,12.8737,68.18,69,11,10.65
491,Tiznit,MA,2021-09-26 08:09:04,29.5833,-9.5,74.84,36,0,2.1
492,Vardo,NO,2021-09-26 08:09:04,70.3705,31.1107,46.92,85,99,2.8
493,Sisimiut,GL,2021-09-26 08:09:05,66.9395,-53.6735,25.45,64,0,9.95
494,Khorixas,NA,2021-09-26 08:09:05,-20.3667,14.9667,91.2,11,0,10.29
495,Progreso,MX,2021-09-26 08:04:55,21.2833,-89.6667,76.1,92,12,7.92
496,Changli,CN,2021-09-26 08:09:05,39.7042,119.1506,67.48,91,100,2.3
497,Conceicao Do Araguaia,BR,2021-09-26 08:09:06,-8.2578,-49.2647,77.45,62,58,3.4
498,Talnakh,RU,2021-09-26 08:09:06,69.4865,88.3972,41.23,43,35,1.68
499,Along,IN,2021-09-26 08:09:06,28.1667,94.7667,95.27,40,50,1.72
500,Aksha,RU,2021-09-26 08:09:06,50.2814,113.2867,47.93,52,71,17.9
501,Wahpeton,US,2021-09-26 08:09:07,46.2652,-96.6059,59.22,52,86,8.01
502,Marsh Harbour,BS,2021-09-26 08:09:07,26.5412,-77.0636,81.09,76,100,7.58
503,Ushtobe,KZ,2021-09-26 08:09:07,45.2514,77.9838,74.01,10,100,6.6
504,Pavlodar,KZ,2021-09-26 08:09:08,52.3,76.95,46.2,42,20,8.95
505,Sept-Iles,CA,2021-09-26 08:04:27,50.2001,-66.3821,53.06,96,100,3.0
506,Petropavlovsk-Kamchatskiy,RU,2021-09-26 08:09:08,53.0452,158.6483,46.65,81,69,4.43
507,Kembe,CF,2021-09-26 08:09:08,4.6228,21.8865,77.54,77,93,1.07
508,Maceio,BR,2021-09-26 08:09:09,-9.6658,-35.7353,76.44,100,75,2.3
509,Riwaka,NZ,2021-09-26 08:09:09,-41.0833,173.0,51.44,72,79,2.42
510,Puerto Madryn,AR,2021-09-26 08:05:44,-42.7692,-65.0385,47.44,60,0,28.1
511,Kahului,US,2021-09-26 08:09:09,20.8947,-156.47,78.84,81,1,5.75
512,Arani,IN,2021-09-26 08:09:10,12.6667,79.2833,89.83,48,100,10.38
513,Bolobo,CD,2021-09-26 08:09:10,-2.1667,16.2333,83.53,60,16,2.93
514,Benemerito De Las Americas,MX,2021-09-26 08:09:10,16.5167,-90.6439,71.2,99,98,1.41
515,Talpa,MX,2021-09-26 08:09:11,28.8257,-111.6257,81.57,53,100,5.59
516,Magadan,RU,2021-09-26 08:09:11,59.5667,150.8,47.32,77,100,4.85
517,Doha,QA,2021-09-26 08:07:12,25.2867,51.5333,102.51,30,0,21.85
518,Brownwood,US,2021-09-26 08:05:48,31.7093,-98.9912,67.55,71,90,0.0
519,Cabedelo,BR,2021-09-26 08:09:11,-6.9811,-34.8339,74.07,85,34,12.26
520,Cap Malheureux,MU,2021-09-26 08:09:12,-19.9842,57.6142,77.47,65,1,11.99
521,Itupiranga,BR,2021-09-26 08:09:12,-5.1347,-49.3267,75.52,77,12,3.0
522,Muisne,EC,2021-09-26 08:09:12,0.6,-80.0333,73.99,88,100,10.74
523,Banepa,NP,2021-09-26 08:09:13,27.6298,85.5214,79.12,61,40,5.75
524,Koshurnikovo,RU,2021-09-26 08:09:13,54.1667,93.3,45.27,46,100,3.24
525,Sidney,AU,2021-09-26 08:06:24,-33.8679,151.2073,58.37,75,75,4.0
526,General Pico,AR,2021-09-26 08:09:14,-35.6566,-63.7568,54.97,70,0,9.75
527,Bacolod,PH,2021-09-26 08:09:14,10.6667,122.95,84.45,77,88,1.41
528,Narasannapeta,IN,2021-09-26 08:09:14,18.4167,84.05,78.64,91,100,12.59
529,Madimba,TZ,2021-09-26 08:09:15,-10.4,40.3333,83.5,57,11,9.44
530,Nelspruit,ZA,2021-09-26 08:09:15,-25.4745,30.9703,78.84,26,1,5.14
531,Camopi,GF,2021-09-26 08:09:15,3.1655,-52.3158,70.9,99,100,1.81
532,Quatre Cocos,MU,2021-09-26 08:09:16,-20.2078,57.7625,77.09,70,4,17.52
533,Santo Antonio Do Ica,BR,2021-09-26 08:09:16,-3.1022,-67.9397,71.56,98,75,2.86
534,Bria,CF,2021-09-26 08:09:16,6.5423,21.9863,79.97,73,25,1.97
535,Acandi,CO,2021-09-26 08:09:17,8.5063,-77.2778,77.43,86,99,2.89
536,Tres Arroyos,AR,2021-09-26 08:09:17,-38.3739,-60.2798,53.02,82,7,14.83
537,Road Town,VG,2021-09-26 08:04:24,18.4167,-64.6167,83.19,76,4,10.6
538,Maldonado,UY,2021-09-26 08:09:17,-34.6667,-54.9167,51.22,94,0,3.98
539,Sitka,US,2021-09-26 08:09:18,57.0531,-135.33,46.29,87,75,0.0
540,Itanhaem,BR,2021-09-26 08:09:18,-24.1831,-46.7889,73.26,91,4,2.75
541,Dargaville,NZ,2021-09-26 08:09:18,-35.9333,173.8833,52.43,87,100,5.73
542,Callaway,US,2021-09-26 08:09:19,30.153,-85.5699,69.73,80,20,1.99
543,Inverell,AU,2021-09-26 08:09:19,-29.7833,151.1167,61.16,26,6,6.78
544,Kipini,KE,2021-09-26 08:09:19,-2.5257,40.5262,84.49,64,35,16.35
545,Serik,TR,2021-09-26 08:09:20,36.9169,31.0989,84.45,28,0,3.87
546,West Lorne,CA,2021-09-26 08:09:20,42.6001,-81.5998,49.68,72,2,10.04
547,Soyo,AO,2021-09-26 08:09:20,-6.1349,12.3689,77.29,79,99,8.41
548,Praia Da Vitoria,PT,2021-09-26 08:09:20,38.7333,-27.0667,68.76,94,100,8.63
